{
  "persons": [
    {
      "name": "Mary Poppendieck",
      "number": "39-23-6423122",
      "id": "4"
    },
    {
      "id": "8",
      "name": "joni",
      "number": "050"
    },
    {
      "id": "11",
      "name": "joni lassila papdapwdpwa",
      "number": "0030303"
    },
    {
      "id": "10",
      "name": "joni madafucking lassila",
      "number": "0503551"
    },
    {
      "id": "11",
      "name": "joni asd",
      "number": "11231"
    },
    {
      "id": "12",
      "name": "2345",
      "number": "3456"
    },
    {
      "id": "9",
      "name": "agdfadfgadfgadfgadfg",
      "number": "adfgadfgadfgadgf"
    },
    {
      "id": "10",
      "name": "rabtfhzgneds",
      "number": ""
    },
    {
      "id": "11",
      "name": "sngfnsgfngsfsgnfsngfsngfsngf",
      "number": ""
    },
    {
      "id": "11",
      "name": "gfdsfgsdgfsdgfsdgfsd",
      "number": ""
    },
    {
      "id": "11",
      "name": "hsgfhsgfghsfhgsf",
      "number": "gsfh"
    }
  ]
}